,time,discharge
0,120.0,1.5000001667431206e-05
1,240.0,1.0889846046054825e-17
2,360.0,0.0026944878857193544
3,458.01455817670654,0.007277148292603964
4,531.0288746601302,0.015195790454229917
5,589.3424438497478,0.025622069894333115
6,638.4756019458156,0.03827570301175935
7,680.8661514406955,0.05386740461132945
8,718.9430894283258,0.06765309053424735
9,753.6157431769625,0.083094631235023
10,785.7538004308883,0.09939168275481146
11,815.8383698859935,0.11687858384196824
12,844.2795308010495,0.1354108601145693
13,871.262252405357,0.15535278064938568
14,897.175272481522,0.17544605946881375
15,922.0783282972125,0.19679228149811537
16,946.139186697561,0.21900524626326842
17,969.4082280238757,0.24202220715015008
18,992.0469415279586,0.2653035230962979
19,1014.0435440392141,0.28989602178776536
20,1035.5367132745334,0.3145110402405574
21,1056.5087839285636,0.3403588344252327
22,1077.0972346303497,0.36578530879463494
23,1097.2570767397626,0.3927396289525521
24,1117.1117149445054,0.4190047944064976
25,1136.6093627844698,0.4469794160865855
26,1155.791553522624,0.4757119324422408
27,1174.6355209683172,0.5056008765580263
28,1193.1642277491737,0.536539239713376
29,1211.4047884160955,0.567124891763738
30,1229.3785168475633,0.5983931720101103
31,1247.1273386309513,0.6283571945337487
32,1264.6400455305163,0.6597260149652486
33,1281.893060243649,0.6919842088983652
34,1298.8632704961253,0.7262361206528694
35,1315.5668403759864,0.7597359834516817
36,1332.0115144282242,0.793595496143813
37,1348.2156936734134,0.8269279297151326
38,1364.1859972021102,0.8597457360874629
39,1379.9419370742667,0.890696452747567
40,1395.4856874164586,0.9207147519070936
41,1410.8374773901153,0.947601588782842
42,1425.9997687266189,0.9733787527106531
43,1440.9942246939452,0.9957390362916426
44,1455.819775746116,1.0173079153844626
45,1470.4968352008302,1.0353672070988036
46,1485.0234523333943,1.0527117127326806
47,1499.4177213023602,1.0666180147332278
48,1513.6760568202071,1.0799749393574745
49,1527.8156397707598,1.0912477822924418
50,1541.8322740806684,1.100857255046485
51,1555.7415617731667,1.106700442814516
52,1569.5399291727927,1.1117385783437277
53,1583.2410803571079,1.112769294921482
54,1596.8417964114929,1.1142467576404849
55,1610.354846834028,1.111583603220513
56,1623.7774133120097,1.110025194613948
57,1637.1214319522119,1.1049992567294344
58,1650.384496241746,1.1013091935105956
59,1663.5768601096945,1.094061805839634
60,1676.6962590067938,1.0882943902066204
61,1689.7522388627453,1.0795158819230761
62,1702.74299485657,1.0722668121077694
63,1715.6772659140452,1.0624510072804467
64,1728.5534723141202,1.0541913757008763
65,1741.3795991713364,1.0437376323534913
66,1754.154332814333,1.0348010986557001
67,1766.884965152272,1.0239925626201463
68,1779.570417548081,1.0144977989234116
69,1792.2173739293269,1.003436884564664
70,1804.8249227970196,0.9937366587425576
71,1817.3991234559728,0.982830315291099
72,1829.9391149137286,0.9734011042976258
73,1842.4503309783067,0.9631017547294317
74,1854.9318941060092,0.9543690848126203
75,1867.3886374298552,0.9450104660507933
76,1879.819621572615,0.937242483000815
77,1892.227327386974,0.9291443023025582
78,1904.6115072864252,0.9224554843071915
79,1916.975651698117,0.9154457662659052
80,1929.320199510917,0.909792172593373
81,1941.6476554780195,0.9039849777269923
82,1953.95812185108,0.8995650127300474
83,1966.2535429200416,0.8951085810369932
84,1978.53463341987,0.891993897641964
85,1990.8025119934578,0.8889598634495314
86,2003.0573142151982,0.8873025025456858
87,2015.299729225467,0.8857994130632174
88,2027.5297133929325,0.8856710655062993
89,2039.7478489954713,0.8857343993276315
90,2051.9539751147818,0.88716348160587
91,2064.148513606093,0.8888204601050493
92,2076.3311399667073,0.8918403434275062
93,2088.502125931822,0.8951214214797514
94,2100.6615047772307,0.8997270948350902
95,2112.8090544668626,0.9046505849956463
96,2124.944478419897,0.9109154415806101
97,2137.067607609296,0.9175119257472478
98,2149.178218262943,0.925434556571757
99,2161.2761431069125,0.933701654307567
100,2173.3611227734946,0.9432883777454297
101,2185.4330241053985,0.9532259494127522
102,2197.491649827826,0.9644683286533575
103,2209.536976128932,0.9760544299851575
104,2221.569016711371,0.9889137048417528
105,2233.5879942098604,1.002088497270388
106,2245.5940407968787,1.016507891706146
107,2257.5874052682175,1.03122512481627
108,2269.5681982545348,1.0471678198909076
109,2281.53701024351,1.063354275245711
110,2293.4940532751475,1.0807299345169241
111,2305.4394510381944,1.0983564147968121
112,2317.355574307765,1.1188141356692909
113,2329.2388408716397,1.139898328272675
114,2341.087582187416,1.1622868192955604
115,2352.8930061841775,1.1856752222647349
116,2364.6582572101247,1.209801269455511
117,2376.3754391401285,1.2347493935769327
118,2388.0590565945627,1.2591104454354773
119,2399.6969968681155,1.2846575525554336
120,2411.2960744215916,1.3103921605000644
121,2422.849482671413,1.336774093613816
122,2434.3688990510514,1.3627134383970665
123,2445.841785266684,1.3899748816929705
124,2457.2754807654806,1.4173030077082618
125,2468.6633695758687,1.445281347125333
126,2480.0166842284334,1.4727469710875127
127,2491.322942485455,1.5016091258603246
128,2502.5891646881673,1.530487636064054
129,2513.8087788400467,1.5600066015636014
130,2524.992939468671,1.5888571528818858
131,2536.129399573413,1.6191185101848622
132,2547.227727146837,1.6488848184104032
133,2558.2778443945604,1.6797705111580317
134,2569.2879283028806,1.710199913772568
135,2580.2511159091823,1.741114653086739
136,2591.177560668855,1.7710582931067056
137,2602.0553187675296,1.8022775801932904
138,2612.8943167682082,1.8325502827164515
139,2623.685067509337,1.863790427776491
140,2634.4380975822623,1.8939605232113261
141,2645.143228142939,1.9253189778770101
142,2655.810348056817,1.9557135428652537
143,2666.4294985386928,1.9873516439432357
144,2677.010902591827,2.017917904847077
145,2687.5448907869595,2.0497269885253235
146,2698.0415376096325,2.0804151646879157
147,2708.4912785354086,2.1123616494903406
148,2718.9042693559873,2.1430786236232984
149,2729.2711171277765,2.1750429281566355
150,2739.6019273855213,2.2056898159360157
151,2749.887603895646,2.237544718076415
152,2760.138070936717,2.2680259112009136
153,2770.344284332467,2.2997329743909263
154,2780.516311720794,2.3299466848752144
155,2790.6452301656946,2.361391480091614
156,2800.7410643122093,2.391270536593305
157,2810.794997947009,2.42239630014448
158,2820.8166533983454,2.451979199791009
159,2830.799057365676,2.4823997893356147
160,2840.7485362023626,2.512027120447465
161,2850.6601175949586,2.5420438866874524
162,2860.5413547564617,2.5708922785417605
163,2870.386073824277,2.6004557818522125
164,2880.2015201250083,2.628896758339085
165,2889.9824856494856,2.657834093848671
166,2899.7361582790854,2.685610591295169
167,2909.456461270545,2.7141584335366313
168,2919.1505897207226,2.741506552939858
169,2928.8129756574926,2.7695173619759
170,2938.4510972011904,2.796187301636067
171,2948.0593155755146,2.8235814140732476
172,2957.644663981606,2.849738924461711
173,2967.201436126764,2.8766828540761553
174,2976.736941847001,2.9022393801699025
175,2986.2457536647516,2.928494926834535
176,2995.7350120772658,2.9533267201064435
177,3005.1991733610544,2.9788951083766615
178,3014.6452782605998,3.0029999371204044
179,3024.0678640150672,3.027829679353186
180,3033.4738992330067,3.051160831382159
181,3042.857954603907,3.0752304830072426
182,3052.226911209192,3.0977830117627514
183,3061.575383402549,3.1210885422326964
184,3070.9101676254427,3.142858576607344
185,3080.225905765902,3.165391399057892
186,3089.529330366404,3.186347318589319
187,3098.8151260662503,3.2080443823141005
188,3108.089955727438,3.2281060745551415
189,3117.348525648019,3.2488826801321777
190,3126.597426686967,3.267970929337557
191,3135.831395561121,3.2877564808857827
192,3145.056917608993,3.3058350416690776
193,3154.2687439582123,3.324621029614304
194,3163.473350584612,3.3416705219157135
195,3172.665521180343,3.3594468028412194
196,3181.8516240459658,3.375506866409647
197,3191.0264496740874,3.3923287259738912
198,3200.1963259212384,3.4074315135455113
199,3209.3560836371526,3.423310468139688
200,3218.5119887186233,3.437462720312447
201,3227.658867149651,3.4523972858373217
202,3236.8029145848504,3.465641954275206
203,3245.9389613517765,3.4795964117518774
204,3255.0731467526266,3.491696824078094
205,3264.2007578232956,3.5043028120759234
206,3273.3277307877315,3.5150416340691715
207,3282.4509183832556,3.525624569603304
208,3291.5732088339505,3.5354052708218133
209,3300.690282578509,3.5454113169360855
210,3309.80795324974,3.553328128969134
211,3318.922276017167,3.5611588279070947
212,3328.037261169867,3.567455613922121
213,3337.1493286782147,3.5734538917022465
214,3346.263238616487,3.5775385638671438
215,3355.374602264796,3.5816248457882316
216,3364.488465039417,3.5836917157522077
217,3373.600855374115,3.5856646491561817
218,3382.715892592189,3.58604664169309
219,3391.8299272782306,3.586338080660097
220,3400.947606244831,3.584925123830276
221,3410.0649694858066,3.5836859375483616
222,3419.1863259792162,3.5582291804872175
223,3428.3078194721215,3.5635994973773837
224,3437.43377123637,3.5412383911036702
225,3446.5603092867914,3.5485903745708565
226,3455.69177997848,3.526609984641714
227,3464.824287430813,3.5346279665671982
228,3473.962123359408,3.5124512632684453
229,3483.101409421579,3.5207970638433235
230,3492.246432737019,3.498341720312187
231,3501.3932778798644,3.5068860654410146
232,3510.546227350708,3.4841725691468177
233,3519.701374943125,3.4928131419241093
234,3528.8629734995516,3.4698832633321897
235,3538.0270792324254,3.47858677972294
236,3547.197933429111,3.4555269101177317
237,3556.3715870866135,3.4642789404443604
238,3565.552271357619,3.4411811972953474
239,3574.7360170870297,3.424806747611599
240,3583.9270368963307,3.4371013175002947
241,3593.121341678789,3.4175447682453854
242,3602.323136323193,3.4024932527969174
243,3611.5284168788517,3.3915264999592045
244,3620.741375677434,3.382374006450438
245,3629.9579868465876,3.3753192854469205
246,3639.182431027315,3.368755839968515
247,3648.410662178804,3.3633034872996412
248,3657.6468508510025,3.356660350887458
249,3666.8869306187926,3.3506908414405028
250,3676.1350622148148,3.343411233778353
251,3685.387157487308,3.337019493220992
252,3694.6473678343227,3.329495137116852
253,3703.8950524713937,3.329006643969372
254,3713.137070637913,3.326439982777752
255,3722.3650995962726,3.3262696013093924
256,3731.587400405782,3.323274229889877
257,3740.7958415882263,3.3224749403863214
258,3749.999566397245,3.318483500066579
259,3759.190522759195,3.3166289055555245
260,3768.3782935193635,3.311477559513057
261,3777.5541576565593,3.308774433074118
262,3786.727680074042,3.3029044146851056
263,3795.8895758995927,3.299769616893727
264,3805.0495913435575,3.2934938255231225
265,3814.198080404196,3.290119671473003
266,3823.34511373818,3.2835328737779617
267,3832.480875136737,3.2799120221871845
268,3841.6157883080123,3.272926835129977
269,3850.7398671824913,3.268928242986662
270,3859.8637819742285,3.261475729321588
271,3868.977349619908,3.257077503124236
272,3878.09140771893,3.2491604851407714
273,3887.195574494052,3.244360120748099
274,3896.300802018501,3.2359949176753515
275,3905.396547270426,3.2307982374354602
276,3914.493866683475,3.2220055267462744
277,3923.582108486412,3.2164056909506735
278,3932.6724222437797,3.2071897339295488
279,3941.754089248933,3.201201480770709
280,3950.838331552322,3.1916109400327954
281,3959.9143840869738,3.1852841835703734
282,3968.9935088244697,3.175380619626157
283,3978.064905517286,3.1687666547206166
284,3987.1398278740744,3.1586183073330476
285,3996.2074610560885,3.1517774755681844
286,4005.279100837918,3.141427782865464
287,4014.343923174099,3.1343963689777214
288,4023.413147556687,3.123917781723352
289,4032.475965782958,3.116751874159078
290,4041.5436353267437,3.1061552662177196
291,4050.605353246163,3.098863872377521
292,4059.67230602386,3.088194301089781
293,4068.7337214630143,3.0808117289601804
294,4077.8007680605892,3.0700838560764288
295,4086.862681810127,3.0626306180447993
296,4095.930612059437,3.0518656841422453
297,4104.9938171281565,3.0443584024288852
298,4114.063389619124,3.033586959386917
299,4123.128596268351,3.0260620684483346
300,4132.20052866232,3.0153033697815608
301,4141.273321029446,3.0061706778458057
302,4150.3455282950645,2.998001773489444
303,4159.417578928995,2.9894187195829587
304,4168.48394286736,2.9830737995065886
305,4177.544342470639,2.976498458158594
306,4186.598794684799,2.9702380603434753
307,4195.647581797396,2.963470623811167
308,4204.691115583014,2.956852036247953
309,4213.729801299033,2.949706220086251
310,4222.763958945568,2.942781299235548
311,4231.793811788041,2.935468694719627
312,4240.819524357048,2.9285086065841512
313,4249.841254692565,2.92127879447511
314,4258.85918962871,2.9144691322378686
315,4267.873553173913,2.9074461914610876
316,4276.884595877117,2.9008735823498673
317,4285.892576902975,2.894132988612365
318,4294.897748251714,2.887875372633861
319,4303.90034717941,2.881499831968462
320,4312.9005983475045,2.8756369950095158
321,4321.898720747224,2.8696944411223684
322,4330.894933555986,2.8642772182578926
323,4339.889458509651,2.8588031867786436
324,4348.882519543923,2.8538564841241554
325,4357.87434044313,2.8488703440788794
326,4366.865141885093,2.844411453137183
327,4375.855139324517,2.839930231401616
328,4384.844542520415,2.8359758272101243
329,4393.8335559318275,2.8320148151549676
330,4402.8223792773615,2.828578220780993
331,4411.811207772656,2.8251487504869797
332,4420.80023214093,2.8222400116736033
333,4429.7896383060615,2.8193512838077206
334,4438.779607037325,2.8169794948708287
335,4447.770313631514,2.8146405539645016
336,4456.761927865277,2.8128149943330856
337,4465.754614041188,2.8110349080273855
338,4474.748531107472,2.809764565595275
339,4483.74383266074,2.808551848172015
340,4492.740666948696,2.8078450882458488
341,4501.739176801178,2.8072076049804573
342,4510.739499620719,2.807072095781244
343,4519.741767349989,2.80701687219123
344,4528.746106528111,2.807459253806273
345,4537.75263832539,2.8079920604462525
346,4546.761478627758,2.809017517249761
347,4555.772738060014,2.810142519032641
348,4564.786522044099,2.8117545493672464
349,4573.8029308099685,2.813474182291728
350,4582.8220594569675,2.8156745244876857
351,4591.843997980304,2.8179894325258124
352,4600.868831351444,2.820777997925113
353,4609.896639564046,2.8236869692467623
354,4618.927497727315,2.8270617861803555
355,4627.961476119435,2.8305617114599118
356,4636.998640283772,2.8345188974667788
357,4646.039051086242,2.838604754311377
358,4655.082764816454,2.843138506085519
359,4664.1298332518745,2.84780335206086
360,4673.180303764744,2.852905941117369
361,4682.234219391621,2.8581409153369237
362,4691.291618943723,2.863802697172512
363,4700.352537078981,2.869597036087146
364,4709.414261004075,2.8766771160294
365,4718.471939954875,2.885442130169798
366,4727.525345171231,2.8946573403250464
367,4736.574712789369,2.903817609108859
368,4745.620289701279,2.913138753419081
369,4754.662060846922,2.9224305408118565
370,4763.694708296017,2.9336669113520566
371,4772.717475603605,2.945139860896876
372,4781.73020256067,2.956844706609463
373,4790.732850609785,2.968487391406096
374,4799.725498291399,2.9802656050213656
375,4808.708351382683,2.9919251792327173
376,4817.681674478653,3.003687790023185
377,4826.645702671266,3.015376933689463
378,4835.60061302779,3.0272566036762547
379,4844.546538775887,3.039170344525891
380,4853.4835967112995,3.051350834227089
381,4862.4119174744355,3.063617448009699
382,4871.3316621315535,3.0761601924772433
383,4880.243016967176,3.088789796725095
384,4889.146175392683,3.1016828979585878
385,4898.041318050235,3.1146640175635834
386,4906.9286006241655,3.127904205451359
387,4915.808154488868,3.141235573590612
388,4924.6800963457745,3.1548116767079386
389,4933.544539560443,3.1684627377499717
390,4942.401603164844,3.1823235612358753
391,4951.251416090202,3.1962268348465894
392,4960.094115663887,3.2102971860139915
393,4968.929842343702,3.224378751260375
394,4977.758734471828,3.238593134411592
395,4986.580925695047,3.252797620563996
396,4995.3965456581445,3.2671088856435277
397,5004.205722505437,3.2813932385815865
398,5013.008585350522,3.2957600584142894
399,5021.805265566255,3.3100839012246714
400,5030.595896659645,3.324468455479123
401,5039.380612862191,3.338798174110537
402,5048.159547280816,3.3531730767688073
403,5056.932830504323,3.367487811070343
404,5065.700590182429,3.3818383421835243
405,5074.462951401648,3.39612767970419
406,5083.220037537353,3.4104465126898242
407,5091.971971037302,3.4247048848577615
408,5100.718873827275,3.4389882331281556
409,5109.460867214887,3.453213634044457
410,5118.1980715516065,3.4674620761842467
411,5126.930605844024,3.4816576904899654
412,5135.6585875605915,3.49587730089337
413,5144.382132636228,3.5100514171593518
414,5153.101355678527,3.524252013912367
415,5161.811739016895,3.5402959312123583
416,5170.505727659455,3.559521218868788
417,5179.182428101638,3.5790982827591837
418,5187.842733941579,3.598179573300888
419,5196.487361906759,3.616683523642922
420,5205.117320502262,3.6345201118410237
421,5213.732413170899,3.6521600126502003
422,5222.332911349329,3.669513349660906
423,5230.918650963955,3.6867799565068675
424,5239.490340818158,3.703708130667418
425,5248.048022817367,3.7206041420986753
426,5256.592191635836,3.73737892566973
427,5265.122568007638,3.7543718116041553
428,5273.639539086607,3.7713666266170334
429,5282.142946307145,3.7885821868125316
430,5290.633318041354,3.8057651262575827
431,5299.1105169513985,3.8231798331098963
432,5307.574996331087,3.840599303020689
433,5316.0265609394055,3.858277982639854
434,5324.465674259651,3.8759442547184437
435,5332.892191665253,3.8938353392809253
436,5341.306604542856,3.9116815149567374
437,5349.708758171348,3.929743016514289
438,5358.099115601688,3.947752317601743
439,5366.477510511731,3.965967277415689
440,5374.844412595101,3.984105655355283
441,5383.199669660049,4.002427965825604
442,5391.5437539319955,4.020653081739587
443,5399.876508035611,4.039052495381652
444,5408.198396079026,4.057342699972869
445,5416.509260737043,4.075798274852119
446,5424.809568889165,4.094130693344109
447,5433.099234857641,4.112587424259582
448,5441.378771645308,4.130888782329739
449,5449.647919095177,4.149400532456708
450,5457.906995401449,4.167853069898241
451,5466.155930650458,4.186422442169491
452,5474.395369907193,4.204758673950453
453,5482.6251130772725,4.223266272648487
454,5490.845474660018,4.241721384049907
455,5499.0562995306245,4.260322782898096
456,5507.258098607408,4.278788328698779
457,5515.450756658696,4.297368205168426
458,5523.634744990064,4.3158522391021075
459,5531.809849532944,4.334498764743103
460,5539.976493526774,4.353097370619327
461,5548.134572197653,4.3717946951922
462,5556.284536074893,4.390447994826387
463,5564.426211200064,4.4092311480005995
464,5572.56006691557,4.427982305350015
465,5580.685986434318,4.4468257942277
466,5588.804379560558,4.465690788307432
467,5596.91503395129,4.484694949199971
468,5605.018374581635,4.503734840056046
469,5613.114274124492,4.522856771576314
470,5621.203175561369,4.5420224562153955
471,5629.284895853302,4.561290158575895
472,5637.359836258702,4.580646018275875
473,5645.427829701907,4.6000830334239655
474,5653.489307565482,4.619609846756838
475,5661.544105451127,4.63920164590778
476,5669.592630778986,4.658916309938153
477,5677.63469936583,4.6786925552486895
478,5685.670714303314,4.698613121892965
479,5693.700496106697,4.7185750967593805
480,5701.724446621897,4.738699676610136
481,5709.742379489574,4.758850543210462
482,5717.75468759958,4.779186395065287
483,5725.761179442581,4.799530777396745
484,5733.762243313098,4.8200738486681844
485,5741.757683667655,4.840616530787264
486,5749.747883087302,4.861364746895372
487,5757.7326414066365,4.882104496157154
488,5765.712335911096,4.903054409605858
489,5773.686762127865,4.923987398222584
490,5781.656292014123,4.945133716954135
491,5789.620716707983,4.966254663678622
492,5797.58040288383,4.987590860464498
493,5805.5351372749,5.008893302774246
494,5813.485281304129,5.030411810224788
495,5821.430617462034,5.051888201321589
496,5829.371502176364,5.073580391374079
497,5837.307713777749,5.095222285834466
498,5845.239603635684,5.1170790187409585
499,5853.166945875404,5.138877647396058
500,5861.090086958825,5.160889478138856
501,5869.008797001987,5.182835691656956
502,5876.923417649633,5.204992980719418
503,5884.833714929735,5.227077705100543
504,5892.740025599065,5.249371141178913
505,5900.642111625188,5.271585633617802
506,5908.540305010066,5.294006215918006
507,5916.43430338567,5.3163827065268725
508,5924.324444683794,5.3389557434041865
509,5932.210563644652,5.361382527662478
510,5940.0930479011095,5.383963080679132
511,5947.971583728025,5.4064926188620195
512,5955.846360612001,5.429311743028855
513,5963.717129155732,5.452033030682628
514,5971.584347332196,5.474848283941761
515,5979.447775024105,5.497546886204302
516,5987.307645073375,5.520492305598099
517,5995.163665748606,5.543358364168377
518,6003.016151240638,5.5664094976372365
519,6010.864861326753,5.589337467259306
520,6018.710142005078,5.6124211773818615
521,6026.551687702506,5.635425543985733
522,6034.389701047287,5.658686445737622
523,6042.223940344576,5.6818207305937145
524,6050.054839869974,5.705032415493553
525,6057.8821076197855,5.728130710892642
526,6065.705867361325,5.751487913387441
527,6073.525770990385,5.774699781730563
528,6081.34222867409,5.797857757950348
529,6089.1550696012855,5.820651848862266
530,6096.964545949357,5.843478585072736
531,6104.770274298407,5.866145639935036
532,6112.5725138584185,5.888929008218316
533,6120.371025598964,5.911545553475067
534,6128.166127719838,5.934319954689018
535,6135.957510320269,5.9570531968320095
536,6143.745408000585,5.980058131882852
537,6151.529504595562,6.003063060902613
538,6159.310078760997,6.026324253782099
539,6167.0868425729,6.049576648096289
540,6174.860062772917,6.073097733301369
541,6182.629427260599,6.096630877966118
542,6190.3951923097575,6.120433610703204
543,6198.157050729257,6.144237225619429
544,6205.915263099211,6.16829344643638
545,6213.669520507319,6.192342237598043
546,6221.420078000926,6.216634346223873
547,6229.166623669035,6.240912436895848
548,6236.909410747563,6.265422475878476
549,6244.648126565235,6.28991163087956
550,6252.383022346115,6.314623547957734
551,6260.1137840839,6.339310394953425
552,6267.840660890564,6.364212886858029
553,6275.563337694989,6.389087803742547
554,6283.282062176959,6.414172643039559
555,6290.996519193562,6.4392286689251215
556,6298.706955576379,6.464490457397753
557,6306.413055944534,6.48972421703079
558,6314.115065938135,6.51516154907664
559,6321.812670251389,6.540572870583575
560,6329.506114213044,6.566186204109732
561,6337.195083284141,6.591776177204327
562,6344.8798225110195,6.617567688783172
563,6352.560017953189,6.643339551983181
564,6360.2359144052225,6.669313246948621
565,6367.907534187128,6.694978644995284
566,6375.574776271856,6.721147025095074
567,6383.237550503961,6.747121880767075
568,6390.895840526441,6.773534189045842
569,6398.549646032269,6.7996732848759125
570,6406.198951145887,6.826248004432946
571,6413.843698961216,6.852601415470221
572,6421.483827698076,6.879433716382324
573,6429.119284081898,6.906041351612096
574,6436.750044172644,6.933091697938343
575,6444.376084587414,6.959887813206655
576,6451.997381975831,6.987125483280844
577,6459.613899032237,7.014122161978687
578,6467.225606406299,7.0415675841861365
579,6474.832474355143,7.068766219081535
580,6482.43448552261,7.096404453181959
581,6490.031616981492,7.123790955514974
582,6497.623850928849,7.151619646249877
583,6505.211161043756,7.179200658197434
584,6512.793529314769,7.207225407452373
585,6520.370934236913,7.2349976529726
586,6527.943365082474,7.263207174219016
587,6535.510805892853,7.291157675678355
588,6543.07324919978,7.319542173402793
589,6550.630681662984,7.347663291345165
590,6558.183100019379,7.376213954155396
591,6565.730496128238,7.404494097159394
592,6573.272871916404,7.433198398992333
593,6580.8102232764,7.461626055226685
594,6588.342555847174,7.490474014058971
595,6595.869869349775,7.519039305237648
596,6603.392173944328,7.54802040791236
597,6610.909473808302,7.5767122618411085
598,6618.421783391257,7.605816035447237
599,6625.929110691779,7.634624864640646
600,6633.431474078753,7.663842624542696
601,6640.928885498806,7.692760034732032
602,6648.421367455293,7.722083904254523
603,6655.908935825853,7.751102677808992
604,6663.391616944323,7.780526693763728
605,6670.869430317787,7.809641989888895
606,6678.342405937968,7.839162579083268
607,6685.810566900071,7.86837181809623
608,6693.2739467521915,7.897987731207879
609,6700.732571977925,7.927290944004265
610,6708.186479395408,7.957003833107611
611,6715.635698636493,7.986404066996249
612,6723.080269606623,8.016218544087666
613,6730.520224955492,8.045721727159592
614,6737.955607510218,8.07564528686425
615,6745.386452737618,8.105260307652925
616,6752.812806150064,8.135303465224121
617,6760.234705813222,8.16504222018147
618,6767.6521997188465,8.195218416685513
619,6775.065328340006,8.225095633489687
620,6782.474141939348,8.25542105988529
621,6789.8786831789375,8.285454146022156
622,6797.27900436222,8.315947581561229
623,6804.675150115215,8.346156413047186
624,6812.067174555897,8.376838960596668
625,6819.455124047329,8.407245587471
626,6826.839054286796,8.438140369686996
627,6834.219013135175,8.468768703144352
628,6841.595057627008,8.499900530571082
629,6848.967236879196,8.530775987306274
630,6856.335609021316,8.56217098519475
631,6863.700224182539,8.593320105225247
632,6871.061141343699,8.625005325875563
633,6878.418411402382,8.656455377275408
634,6885.772093950253,8.688458395776863
635,6893.122240414442,8.720236963735339
636,6900.468910763409,8.752585465105541
637,6907.81215672211,8.78472004040491
638,6915.15203841128,8.817441410635942
639,6922.488607633915,8.849958985852883
640,6929.8219244528555,8.883079923585997
641,6937.152040544838,8.916006642964497
642,6944.479015721024,8.949552880550463
643,6951.802901344837,8.98291386164194
644,6959.123756800666,9.016910088999296
645,6966.441632971719,9.050729407553426
646,6973.75658866182,9.085199244939165
647,6981.068674128935,9.119499828816727
648,6988.3779474646535,9.154465613802316
649,6995.684458179019,9.18926893178523
650,7002.988263538436,9.224751327218074
651,7010.289412203352,9.260076910589051
652,7017.587960534689,9.296094321532259
653,7024.883956270856,9.33195912932624
654,7032.177454801896,9.368527141336358
655,7039.468502884347,9.404945154413637
656,7046.757154891695,9.442076263992455
657,7054.043456564536,9.479058270039664
658,7061.327461238514,9.516761648399159
659,7068.609213622951,9.554314972872055
660,7075.888766008824,9.592596207466732
661,7083.163399000732,9.634382482440136
662,7090.432698961879,9.67755409437808
663,7097.696632415985,9.720544043060835
664,7104.955188013801,9.764138098312243
665,7112.208325992937,9.80743798079248
666,7119.455984148936,9.851389774220658
667,7126.69811821811,9.895074553629568
668,7133.934713245688,9.939424218512343
669,7141.165771220518,9.983552681829934
670,7148.39130465708,10.02843664476412
671,7155.611339456959,10.073163431455425
672,7162.8259107665335,10.118685678654991
673,7170.035053182978,10.164075275735327
674,7177.238794115511,10.210299446449723
675,7184.437154151055,10.256412711970173
676,7191.63015004321,10.303366331405265
677,7198.817797309939,10.350182815419439
678,7206.0001103058785,10.397813061881847
679,7213.177100838045,10.445274433627528
680,7220.348777513578,10.49353124469877
681,7227.515147150607,10.541589352519514
682,7234.676216264693,10.590414322229247
683,7241.831991112448,10.638999662385345
684,7248.982477099377,10.688321425368958
685,7256.12767905693,10.737367088339116
686,7263.267602147583,10.78712086971027
687,7270.402252432481,10.836560665776334
688,7277.531637086883,10.886679022936033
689,7284.655764654045,10.936446767476854
690,7291.77464533385,10.986865518110285
691,7298.888290894239,11.03689969531778
692,7305.996714358666,11.087560940138724
693,7313.099929675298,11.137809010597493
694,7320.197951569843,11.188665362874191
695,7327.2907953944505,11.239085119399027
696,7334.378477068024,11.290097625229432
697,7341.461013012955,11.340653499518092
698,7348.538420167147,11.391788329501399
699,7355.610715903756,11.442449043028887
700,7362.677917996655,11.49367630329731
701,7369.740044546852,11.544414308378556
702,7376.7971139855645,11.59570731596616
703,7383.849145011531,11.64649772103632
704,7390.896156581019,11.697832024607306
705,7397.938167845264,11.748651952159818
706,7404.975198158706,11.800004774837019
707,7412.007267040055,11.850832611398332
708,7419.034394195857,11.902181975658634
709,7426.0565994846675,11.952996608095416
710,7433.073902927602,12.00432083877741
711,7440.086324655409,12.055101420495065
712,7447.093884907125,12.106379081367335
713,7454.096603974268,12.157105009947326
714,7461.0945021981615,12.208314849237992
715,7468.0875999165155,12.258965658996393
716,7475.075917467084,12.310086460376485
717,7482.059475144247,12.360641628696019
718,7489.038293209006,12.411652010624715
719,7496.012391849299,12.462090802816606
720,7502.981791192311,12.512969155892176
721,7509.946511269094,12.563270635986104
722,7516.906572030489,12.613995184605814
723,7523.861993315394,12.664138305088693
724,7530.812794869377,12.714687234388864
725,7537.758996316596,12.76465098629784
726,7544.700617181703,12.815002612713567
727,7551.6376768656155,12.864766199561219
728,7558.570194670392,12.914899159073759
729,7565.498189777783,12.964442194453824
730,7572.421681275625,13.014335662395403
731,7579.340688137792,13.063638401122137
732,7586.2552292514365,13.113272339781824
733,7593.165323398149,13.162315924627169
734,7600.070989282072,13.211671332316795
735,7606.972245512319,13.260438030528418
736,7613.869110632081,13.30949717185751
737,7620.761603102284,13.357970587016053
738,7627.6497413315665,13.406717160123277
739,7634.5335436608675,13.454882431091754
740,7641.413028393974,13.503301783594386
741,7648.288213782764,13.551145720747812
742,7655.1591180581045,13.599224991781732
743,7662.025759415541,13.646736186900558
744,7668.88815604641,13.694464404392752
745,7675.746326123823,13.741633303779953
746,7682.600287833863,13.789001441560524
747,7689.450059361728,13.835820378830338
748,7696.295658922883,13.882821424611148
749,7703.137104749205,13.929284822577516
750,7709.974415119922,13.975914139775073
751,7716.807608347579,14.022018837459731
752,7723.636702808637,14.068274093907418
753,7730.461716929137,14.11401881320804
754,7737.282669214881,14.159899327327148
755,7744.099578236723,14.205284031693933
756,7750.912462660276,14.250790484009672
757,7757.721341230781,14.295816531074033
758,7764.526232802292,14.340950934266408
759,7771.3271563220715,14.385620742986992
760,7778.124130859218,14.430386078632758
761,7784.917175588554,14.474703007306346
762,7791.706309818663,14.519103345869947
763,7798.491552975243,14.563071834830863
764,7805.27292462855,14.607112310445661
765,7812.050444476201,14.650737694673627
766,7818.824132370018,14.694424268770762
767,7825.594008298293,14.73771259027408
768,7832.360092412034,14.78105073582384
769,7839.122405006687,14.824010098045457
770,7845.880966547801,14.867002246025002
771,7852.635797652231,14.909645643213315
772,7859.386919113225,14.952298570243276
773,7866.134351881122,14.994634061560816
774,7872.878117087893,15.036954767575986
775,7879.618236027362,15.078990525892223
776,7886.35473017923,15.120986072648574
777,7893.087621188835,15.162730322744059
778,7899.816930890701,15.204407796541206
779,7906.542681287874,15.245868733939965
780,7913.264894575019,15.287235111660532
781,7919.983593117378,15.328420756997467
782,7926.698799473447,15.369482792322517
783,7933.410536373587,15.410394516151076
784,7940.11882674232,15.451160518041862
785,7946.82369367664,15.491783692917387
786,7953.5251604679615,15.53226763500531
787,7960.22325058016,15.572614463616794
788,7966.917987671219,15.612827103525643
789,7973.609395571031,15.652907152172778
790,7980.297498302792,15.692857068260862
791,7986.982320060596,15.732678088345644
792,7993.663885230606,15.77237233286192
793,8000.342218368486,15.811940779196583
794,8007.017344220379,15.851385289889215
795,8013.689287700217,15.890706647776142
796,8020.358073910542,15.929906508668827
797,8027.023728119716,15.968985502458663
798,8033.686275782618,16.007945110962428
799,8040.345742517801,16.046785837875444
800,8047.00215412808,16.085509011937294
801,8053.655536577667,16.124115028037558
802,8060.305916012682,16.162605075465777
803,8066.953318738287,16.200979451974998
804,8073.597771239151,16.239239216573875
805,8080.239300156602,16.27738457805763
806,8086.877932309069,16.31541647166567
807,8093.513694669271,16.353335023395903
808,8100.146614384657,16.39114104970716
809,8106.776718754653,16.42883459885731
810,8113.404035251113,16.466416372615694
811,8120.028591495637,16.50388634570073
812,8126.65041528005,16.541245108594858
813,8133.269534543802,16.578492566107457
814,8139.885977394485,16.615629200430096
815,8146.499772085323,16.652654849841387
816,8153.110947035736,16.68956989102547
817,8159.719530808938,16.726374098898905
818,8166.325552132539,16.76306774716782
819,8172.929039876259,16.799650550110076
820,8179.530023072583,16.836122680390968
821,8186.12853089458,16.872483793706017
822,8192.724592676623,16.90872335967499
823,8199.318237892316,16.944778819571038
824,8205.909496175276,16.980462751373537
825,8212.498397297177,17.0154023758684
826,8219.084971188582,17.04906677057481
827,8225.669247917107,17.080904668333567
828,8232.251257708318,17.110525727613407
829,8238.831030924002,17.137803654234844
830,8245.408598083131,17.162835783377627
831,8251.983989840242,17.18579995311386
832,8258.557237006458,17.20682009276259
833,8265.128370527995,17.225921813687396
834,8271.697421507233,17.243078585989096
835,8278.264421181335,17.25828613878415
836,8284.829400943387,17.2716070043017
837,8291.392392321126,17.283168184729007
838,8297.953426998143,17.293134998842376
839,8304.512536792723,17.301689323719245
840,8311.06975367911,17.30902577762402
841,8317.625109766466,17.31535806003997
842,8324.178637320198,17.3209226071568
843,8330.730368741026,17.32597055365295
844,8337.280336586387,17.330751526830074
845,8343.828573549614,17.335497179934336
846,8350.375112481403,17.34041312340908
847,8356.919986369116,17.34566797675493
848,8363.463228358314,17.351356788693053
849,8370.004871732182,17.357432443335238
850,8376.544949933137,17.36365173050709
851,8383.083496542358,17.369604104669385
852,8389.620545301486,17.37484604678563
853,8396.156130092271,17.37907130701978
854,8402.690284958337,17.38220727511202
855,8409.223044084963,17.384376326783975
856,8415.754441820927,17.3857647690268
857,8422.284512658405,17.38649842860099
858,8428.813291254897,17.386601104386955
859,8435.34081241325,17.386034410137704
860,8441.867111103664,17.384766211100235
861,8448.39222244385,17.382812892207966
862,8454.916181721112,17.380241289355414
863,8461.439024372621,17.377147114279715
864,8467.960786007594,17.37363713744774
865,8474.481502387684,17.36982554661856
866,8481.001209449247,17.36584094332557
867,8487.519943283849,17.361830607789667
868,8494.037740160622,17.357956100631352
869,8500.55463650689,17.354380205245917
870,8507.07066893061,17.351254058154723
871,8513.585874201113,17.34870963961364
872,8520.100289271633,17.346860671969583
873,8526.613951260157,17.345806894730178
874,8533.12689747204,17.345638466567962
875,8539.639165380962,17.34643648629651
876,8546.150792651626,17.348272057341546
877,8552.661817120812,17.351204675704135
878,8559.172276820153,17.355283127994646
879,8565.682209957287,17.360547070474457
880,8572.191654938708,17.36702959086687
881,8578.700650350991,17.374757850315277
882,8585.209234983715,17.383753126590815
883,8591.717447810768,17.394029067545905
884,8598.225333870938,17.40557510552486
885,8604.732947051403,17.418363519313772
886,8611.240339318203,17.43238737684061
887,8617.747553823989,17.44765154776986
888,8624.25462802322,17.464147152423728
889,8630.761599437645,17.48184437039554
890,8637.268506154041,17.500708407716925
891,8643.775385336627,17.520705546896878
892,8650.282273019946,17.54180066070778
893,8656.789204832725,17.563954000912528
894,8663.29621642843,17.58712270326206
895,8669.80334388394,17.61126055945947
896,8676.310624032567,17.636319111427078
897,8682.81809435679,17.662248652728373
898,8689.325792731308,17.688999929357212
899,8695.833757309436,17.71652370175659
900,8702.342026446639,17.744771558567198
901,8708.850638487174,17.773695598583913
902,8715.359631821206,17.803248274934248
903,8721.869050486803,17.833366556136752
904,8728.378944971008,17.863985851849456
905,8734.889366165256,17.895058988724593
906,8741.40036130063,17.926552029382623
907,8747.911975782803,17.958426806836123
908,8754.424255723396,17.99063904533376
909,8760.937247676531,18.023145364842918
910,8767.450997769343,18.055905952983956
911,8773.965551854837,18.088881010910683
912,8780.480955824924,18.122031112830207
913,8786.997255469487,18.15531801052761
914,8793.51449661937,18.188704869235128
915,8800.03272551884,18.222154869616666
916,8806.55198894334,18.255632698886377
917,8813.072333992362,18.28910477774742
918,8819.59380801419,18.322539771191067
919,8826.116458537417,18.355907661795303
920,8832.640333173445,18.389180477967155
921,8839.165479610005,18.42233108967767
922,8845.69194589332,18.45533319651569
923,8852.219780620273,18.488160734835112
924,8858.749032891332,18.520789416719627
925,8865.279752096407,18.553196324324535
926,8871.811987853649,18.585360316477225
927,8878.345790005375,18.61726094369375
928,8884.881208647055,18.648879216527146
929,8891.418294095522,18.68019684138535
930,8897.957096917273,18.711196913619347
931,8904.49766791592,18.74186306625773
932,8911.040058146244,18.772180283819623
933,8917.584318891604,18.802134029033343
934,8924.13050170418,18.83171096905296
935,8930.678658401293,18.860898110784767
936,8937.228841086966,18.889683674437645
937,8943.781102124054,18.918056240922446
938,8950.335494153333,18.946005570393037
939,8956.892070070995,18.9735216878885
940,8963.450883048274,19.000595724664976
941,8970.011986513526,19.027218978972186
942,8976.575434182969,19.053383763942826
943,8983.141280047093,19.079082474107228
944,8989.709578393406,19.104308490813978
945,8996.280383373258,19.129056433719533
946,9002.853748304875,19.153323966483683
947,9009.429724680727,19.17711151983043
948,9016.008361105603,19.200423447694504
949,9022.589702067931,19.223267265436608
950,9029.173787111862,19.24565339749701
951,9035.760650609638,19.267592141975747
952,9042.350322370768,19.28909223807935
953,9048.942828642977,19.310158643722257
954,9055.538193391278,19.330793069597867
955,9062.136439490167,19.350993421441707
956,9068.73758998355,19.37075511749817
957,9075.34166925643,19.390070506824134
958,9081.948704278106,19.408930047939393
959,9088.558725627101,19.427321868910383
960,9095.17176837486,19.445233353383028
961,9101.787872588984,19.46265095696168
962,9108.407083618222,19.47956187972298
963,9115.029452025416,19.495953671032858
964,9121.655032935772,19.511816930820686
965,9128.283884707123,19.527145837696313
966,9134.91606749229,19.54193942863173
967,9141.55164160559,19.556200616455257
968,9148.19066575557,19.569937541623425
969,9154.833195521887,19.58316133486482
970,9161.479282664184,19.595884724825893
971,9168.128975280311,19.60811816926815
972,9174.782318682472,19.619869137509248
973,9181.4393565545,19.63114030380664
974,9188.100132195592,19.64193105006862
975,9194.764689665899,19.65223694350847
976,9201.433074953728,19.662051433372483
977,9208.105337077213,19.67136502654438
978,9214.781529125627,19.6801669487388
979,9221.461709038787,19.688444579871373
980,9228.14594012983,19.696185460220978
981,9234.834291215726,19.70337691452964
982,9241.526836447272,19.710008082557867
983,9248.223654815602,19.716069252349335
984,9254.924829544907,19.721553328305315
985,9261.630447399155,19.726454465709224
986,9268.340598057519,19.730769072875315
987,9275.055373474948,19.73449430817198
988,9281.774867310958,19.73762920658889
989,9288.499174351817,19.74017325060258
990,9295.228390057073,19.742127450718336
991,9301.962610172093,19.743492768988816
992,9308.701930499752,19.744271167437553
993,9315.446446710914,19.744464126862024
994,9322.196254248798,19.74407391389993
995,9328.951448210039,19.743102261743694
996,9335.712123287134,19.7415517287854
997,9342.478373680906,19.739424354787207
998,9349.250293076082,19.736722998234246
999,9356.027974582048,19.733449962465027
1000,9362.811510724214,19.72960836245199
1001,9369.600993385484,19.72520076278788
1002,9376.39651378867,19.720230576909753
1003,9383.198162427383,19.714700687560065
1004,9390.006029044613,19.708614838666957
1005,9396.820202569768,19.701976210890713
1006,9403.640771112296,19.6947888042597
1007,9410.467821917282,19.687055989886794
1008,9417.301441377347,19.678781910994303
1009,9424.141715004442,19.669970027892248
1010,9430.988727457592,19.660624538031655
1011,9437.842562530663,19.65074890814461
1012,9444.70330319535,19.640347313705167
1013,9451.571031599267,19.62942317114655
1014,9458.445829110908,19.61798061580935
1015,9465.327776308637,19.606023049118814
1016,9472.216953006588,19.59355465667497
1017,9479.113438216702,19.580578958520068
1018,9486.017310144012,19.567100346793232
1019,9492.928646117198,19.55312261778425
1020,9499.845681224002,19.54385174561732
1021,9506.76330669719,19.548703808358894
1022,9513.681016125187,19.554417779098888
1023,9520.59865014882,19.559338240124333
1024,9527.516120312084,19.563092288811823
1025,9534.43340438364,19.565545108077302
1026,9541.350538337076,19.56670689925101
1027,9548.26773799564,19.56640444836714
1028,9555.185195439175,19.56510928105321
1029,9562.103068438364,19.563225924106106
1030,9569.021399425403,19.561230367127397
1031,9575.940250498987,19.5591253687671
1032,9582.85962055316,19.557077301085556
1033,9589.779530911248,19.554925870354914
1034,9596.699958779243,19.55264098451651
1035,9603.620948494363,19.54991812291741
1036,9610.5425181037,19.546799541148385
1037,9617.464733191548,19.54317483549984
1038,9624.387620988788,19.539175824402538
1039,9631.311264266089,19.534664290144484
1040,9638.235707040867,19.529766958307892
1041,9645.161027415663,19.524407313532823
1042,9652.087249069384,19.518744132321945
1043,9659.014435731533,19.512661372469424
1044,9665.942610549359,19.50626243621942
1045,9672.871839531677,19.49941644395562
1046,9679.802144636085,19.492232128707276
1047,9686.733590733345,19.48457900473072
1048,9693.666202726432,19.47656438804153
1049,9700.600048914946,19.468070532039548
1050,9707.535155480045,19.459217502828594
1051,9714.47159048507,19.449890393401787
1052,9721.409380500952,19.44020489439738
1053,9728.348593255081,19.43004879834734
1054,9735.289253931696,19.4195412576075
1055,9742.23142868696,19.40856913401801
1056,9749.175142859325,19.397244493476943
1057,9756.120463462163,19.385452017458157
1058,9763.067416582304,19.373304753990404
1059,9770.016069338784,19.36069011072701
1060,9776.966448431815,19.347720073389098
1061,9783.918621708986,19.334282565740796
1062,9790.872616632749,19.320489616149718
1063,9797.82850123371,19.306230555104587
1064,9804.786303371578,19.291615866165948
1065,9811.746091469084,19.276534688195326
1066,9818.707894121675,19.26109623574733
1067,9825.671780304267,19.24519023962989
1068,9832.637779515968,19.228924473753338
1069,9839.605961569185,19.21218899895406
1070,9846.576357067179,19.195090696926506
1071,9853.549036649249,19.17752067423498
1072,9860.524031923394,19.159584918761627
1073,9867.501414109953,19.14117571312778
1074,9874.481215010499,19.122399593415626
1075,9881.463504749205,19.103152356256498
1076,9888.448313143714,19.08354229922033
1077,9895.435707322877,19.063467811973137
1078,9902.425714067174,19.043036713027227
1079,9909.418397466083,19.02214786962044
1080,9916.413782288515,19.000907084466704
1081,9923.411931685223,18.979212816391218
1082,9930.412871178705,18.957169168124313
1083,9937.416665451186,18.93467644929921
1084,9944.423342026046,18.911840553645263
1085,9951.432966969267,18.888566141173584
1086,9958.445568976778,18.864960146648613
1087,9965.461214906572,18.840927595085567
1088,9972.479934723622,18.816571406225215
1089,9979.501796658524,18.791793680800847
1090,9986.526832605115,18.766692848978778
1091,9993.555112692991,18.741169524424603
1092,10000.586671276762,18.715318996504575
1093,10007.62158111086,18.689040684664352
1094,10014.659879955047,18.66242626899913
1095,10021.701644094139,18.635373955107188
1096,10028.7469152661,18.607972739422905
1097,10035.795773342026,18.580121220507706
1098,10042.848263650181,18.551906994465696
1099,10049.904469002751,18.523229492998244
1100,10056.964437671828,18.49417439795363
1101,10064.028254927178,18.464641133070053
1102,10071.095971767796,18.434712817133743
1103,10078.167675922936,18.40428895655973
1104,10085.243421234063,18.373450896449498
1105,10092.323297941752,18.342099566829578
1106,10099.407362618602,18.310315883254457
1107,10106.495707695685,18.278003259135065
1108,10113.58839202322,18.245242647656507
1109,10120.685509718953,18.21193998015401
1110,10127.787121459352,18.17817597839695
1111,10134.893322667878,18.14385889874351
1112,10142.004175537999,18.109069192214932
1113,10149.119776504838,18.07371766827264
1114,10156.24018898393,18.037884790746197
1115,10163.365510100668,18.00148421129118
1116,10170.495804171413,17.964596522649323
1117,10177.631168693217,17.92713825025608
1118,10184.771668595651,17.889190033788303
1119,10191.917401478153,17.85067122609217
1120,10199.068432639935,17.811662458675286
1121,10206.22485954058,17.77208591893353
1122,10213.386747616236,17.73202219260253
1123,10220.554193950598,17.691396260159785
1124,10227.727263895407,17.650288542540423
1125,10234.906053942386,17.60862669896537
1126,10242.090629161929,17.566490838657835
1127,10249.281085263226,17.523811191068805
1128,10256.477486864209,17.48066742637039
1129,10263.679928729745,17.436992240232218
1130,10270.888474886262,17.39286472987108
1131,10278.10321902633,17.348219941490576
1132,10285.32422447717,17.30313626695238
1133,10292.551583759503,17.257550991890113
1134,10299.785359425843,17.21154166246362
1135,10307.025642773686,17.165047650800606
1136,10314.272495568994,17.118145475805076
1137,10321.526007895312,17.070776445435804
1138,10328.786240758807,17.023015922985035
1139,10336.05328305476,16.974807051714475
1140,10343.327195059932,16.926223930751807
1141,10350.608064505113,16.877211426015634
1142,10357.89595096523,16.82784223985969
1143,10365.190941030478,16.778062826602888
1144,10372.493093611203,16.72794434815624
1145,10379.802494194355,16.67743473390602
1146,10387.119201118065,16.626603408599312
1147,10394.443298886623,16.575399638598327
1148,10401.774845404707,16.52389103684267
1149,10409.113924273073,16.4720282954942
1150,10416.460593008538,16.419877268676125
1151,10423.81493436417,16.36738998023566
1152,10431.177005609365,16.314630268277792
1153,10438.546888841618,16.261551283033462
1154,10445.924641286503,16.20821478828105
1155,10453.310344567197,16.15457509413098
1156,10460.704056068593,16.10069188724137
1157,10468.105857174216,16.046520544620726
1158,10475.515805668452,15.992118619221895
1159,10482.933982868595,15.937442597891383
1160,10490.360447057188,15.882548002367963
1161,10497.79527955251,15.827392414563663
1162,10505.238539250135,15.772029172089553
1163,10512.690307652723,15.716416722323835
1164,10520.150644497047,15.660606117092025
1165,10527.61963168575,15.604556721830743
1166,10535.097329978576,15.548317487767063
1167,10542.583821830473,15.491848829862288
1168,10550.07916917879,15.43519764869893
1169,10557.583455200187,15.378325341751298
1170,10565.096743197564,15.321276710502833
1171,10572.619117259826,15.264014106696438
1172,10580.150642242332,15.206580292587827
1173,10587.69140331967,15.148938629493404
1174,10595.241467062051,15.091129920395934
1175,10602.800919877995,15.033097505674274
1176,10610.369830195406,14.974904221347654
1177,10617.948285798097,14.916498880976423
1178,10625.53635712547,14.857938983487196
1179,10633.134133496582,14.799174736675981
1180,10640.74168752473,14.740259244041711
1181,10648.359110214005,14.681144506749366
1182,10655.986476485898,14.621879916282115
1183,10663.623879143708,14.562419482890784
1184,10671.271395518206,14.502809358990202
1185,10678.929120300212,14.443005639047174
1186,10686.597133312896,14.383051568767156
1187,10694.275531210105,14.322905340002892
1188,10701.964396378658,14.262607564782558
1189,10709.663827495786,14.20211853849186
1190,10717.373909562555,14.141476484197062
1191,10725.09474331445,14.080643802368394
1192,10732.826416390544,14.019656536122017
1193,10740.569031595101,13.958479175240312
1194,10748.322679208803,13.897145756188948
1195,10756.087464098118,13.835622834895394
1196,10763.863479173086,13.773942597710077
1197,10771.650831340392,13.712073647518661
1198,10779.449616111864,13.650046465281777
1199,10787.259942395367,13.58783168535006
1200,10795.081908254922,13.5254582216819
1201,10802.91562453109,13.462898734312212
1202,10810.761191754806,13.400180704206408
1203,10818.61872259416,13.337278809081736
1204,10826.48831993098,13.274219207542046
1205,10834.37009813582,13.210978568048603
1206,10842.264162316531,13.147581814505266
1207,10850.170628418802,13.08400757766472
1208,10858.089603649141,13.020279638916765
1209,10866.021205392532,12.956378581601125
1210,10873.965542809887,12.892327145174129
1211,10881.922734566086,12.828107859053315
1212,10889.892891606332,12.763742505003997
1213,10897.876133692625,12.699215532490376
1214,10905.8723922569,12.634833987763095
1215,10913.88131266724,12.571040012865913
1216,10921.902341368137,12.50812618446777
1217,10929.935037856729,12.445862829346416
1218,10937.979198046518,12.383848333678246
1219,10946.034805373054,12.321833198523418
1220,10954.101829053248,12.26003451420269
1221,10962.179996953939,12.199123924618917
1222,10970.268682899301,12.139937197127736
1223,10978.367098128227,12.082856680962033
1224,10986.474586387369,12.02764618638884
1225,10994.590785506478,11.973749255429412
1226,11002.715527866188,11.920862968254381
1227,11010.848695596722,11.869080554316014
1228,11018.990152473178,11.818737433656013
1229,11027.13980095461,11.77005314423888
1230,11035.297626145639,11.723029609289451
1231,11043.463709736177,11.677464049104868
1232,11051.638188411138,11.633131988919915
1233,11059.821239847377,11.58982735725588
1234,11068.013082962776,11.547381419845856
1235,11076.21401522599,11.505563018208418
1236,11084.424423746686,11.464096288986019
1237,11092.644782895213,11.422668408446233
1238,11100.875619279088,11.381014071848588
1239,11109.117492636575,11.3388990465307
1240,11117.370980527006,11.296127030936736
1241,11125.636682463672,11.252488481593321
1242,11133.915215768555,11.207777928828504
1243,11142.207210599703,11.161787925929692
1244,11150.513304347181,11.114335558826177
1245,11158.834137068949,11.065260462824725
1246,11167.170346972895,11.014441294354151
1247,11175.522565639432,10.961782027206905
1248,11183.89141301484,10.907220471723134
1249,11192.2774933005,10.850713387749785
1250,11200.68139209029,10.792246244710048
1251,11209.103675256902,10.731819688587985
1252,11217.544888693881,10.669459460361498
1253,11226.005558118459,10.60520409698231
1254,11234.486187782299,10.539115723782338
1255,11242.987258456666,10.471267749016828
1256,11251.509225081194,10.401753545987189
1257,11260.052515134876,10.330672228910414
1258,11268.617527816454,10.258136003821807
1259,11277.204634387148,10.184256485256725
1260,11285.814179132245,10.109153231887031
1261,11294.446480900902,10.032942087244605
1262,11303.101834440218,9.955745110410042
1263,11311.780511550327,9.877679956290548
1264,11320.482761611602,9.798869559792463
1265,11329.208811967974,9.719431082494783
1266,11337.958868046417,9.63948469293987
1267,11346.733113831986,9.559142269990751
1268,11355.531712476633,9.478516049328755
1269,11364.354807430165,9.397708028882445
1270,11373.20252360709,9.316819238793656
1271,11382.07496882988,9.235940097787829
1272,11390.972235027642,9.155160044989444
1273,11399.894399500083,9.074558293228174
1274,11408.841525821308,8.994213295440632
1275,11417.813664815954,8.914193531244317
1276,11426.810855267871,8.834566664609442
1277,11435.83312483618,8.755390396996571
1278,11444.880490800284,8.676721499662666
1279,11453.95296104925,8.598606946794696
1280,11463.050534870023,8.521092984076535
1281,11472.173203925578,8.444216570334719
1282,11481.320952968104,8.368014415354581
1283,11490.493760702262,8.29251459713318
1284,11499.691600363227,8.217745451374123
1285,11508.91444045522,8.143727276503464
1286,11518.162245222196,8.070481053155444
1287,11527.434975303782,7.9980202467148445
1288,11536.732588134722,7.926359397209327
1289,11546.055038537615,7.855506044215479
1290,11555.40227905361,7.785469207406815
1291,11564.774260463433,7.716251425303966
1292,11574.170932038309,7.64785711704012
1293,11583.592241982442,7.580284710822715
1294,11593.038137604884,7.513534876980504
1295,11602.508565690743,7.447602732717058
1296,11612.003472604974,7.382485950286561
1297,11621.522804603745,7.318177035909071
1298,11631.066507880209,7.254671322269745
1299,11640.634528823988,7.191959320011039
1300,11650.226814015588,7.13003460075964
1301,11659.843310440236,7.068886216363855
1302,11669.48396543779,7.008506476282236
1303,11679.14872687862,6.948883429771739
1304,11688.837543073323,6.8900085453788105
1305,11698.550362910095,6.831869256702866
1306,11708.287135800043,6.774456496161585
1307,11718.04781170054,6.717757408278307
1308,11727.832341076093,6.66176270650751
1309,11737.64067490872,6.606459463182632
1310,11747.472764653025,6.551838380383646
1311,11757.328562217299,6.497886649854927
1312,11767.208019910846,6.444595135587046
1313,11777.111090426828,6.3919512823593525
1314,11787.037726773733,6.3399462391511
1315,11796.987882263757,6.288567803849421
1316,11806.961510443536,6.237807484079358
1317,11816.958565081099,6.187653493725712
1318,11826.979000098045,6.138097750432626
1319,11837.022769559584,6.089128919959324
1320,11847.089827612033,6.040739353349503
1321,11857.180128477712,5.9929181791162005
1322,11867.293626398388,5.945658184801771
1323,11877.430275635175,5.898948956561808
1324,11887.5900304205,5.852783706824075
1325,11897.772844964611,5.807152460598372
1326,11907.978673415502,5.762048833163234
1327,11918.207469871828,5.717463261857842
1328,11928.459188349976,5.673389736638181
1329,11938.733782804076,5.629819075470515
1330,11949.031207099468,5.586745610593457
1331,11959.351415039273,5.544160506519439
1332,11969.694360344816,5.502058403251569
1333,11980.059996689735,5.460430776054215
1334,11990.448277683941,5.419272539453154
1335,12000.859156910694,5.3785754486434
